Date,Open Price,High Price,Low Price,Close Price,WAP,No.of Shares,No. of Trades,Total Turnover (Rs.),Deliverable Quantity,% Deli. Qty to Traded Qty,Spread High-Low,Spread Close-Open
30-December-2016,251.40,257.25,251.40,255.30,256.032025513339006869,1479383,7209,378769426.00,394407,26.66,5.85,3.90
29-December-2016,254.00,254.00,250.20,251.15,251.249216960145208238,361412,3647,90804482.00,105222,29.11,3.80,-2.85
28-December-2016,254.00,254.90,251.00,251.60,252.953080910560857296,504656,4409,127654290.00,96764,19.17,3.90,-2.40
27-December-2016,249.00,254.45,246.90,253.30,250.166096506855764029,541661,4305,135505218.00,116155,21.44,7.55,4.30
26-December-2016,251.10,252.00,247.20,248.40,248.806231652050536495,428522,4302,106618944.00,129042,30.11,4.80,-2.70
23-December-2016,253.55,254.70,250.20,251.95,252.958932048690901372,541785,5158,137049355.00,173531,32.03,4.50,-1.60
22-December-2016,253.00,254.90,250.65,253.00,252.695905034539356773,619004,4895,156419776.00,195235,31.54,4.25,0.00
21-December-2016,252.40,255.15,251.30,253.35,253.518534481206202931,832961,5280,211171052.00,432136,51.88,3.85,0.95
20-December-2016,257.20,257.20,250.20,251.60,252.695324540811421802,644942,7663,162973828.00,237405,36.81,7.00,-5.60
19-December-2016,256.00,258.95,255.00,257.20,257.943968205423427961,1334064,4046,344113762.00,873537,65.48,3.95,1.20
16-December-2016,258.40,259.95,255.00,255.60,256.693987430420312912,746087,6319,191516047.00,378413,50.72,4.95,-2.80
15-December-2016,259.00,261.60,257.60,260.35,260.236806264128030980,3102874,7131,807482020.00,2476402,79.81,4.00,1.35
14-December-2016,265.00,265.00,260.05,260.65,262.067537262780658648,368330,4535,96527336.00,157356,42.72,4.95,-4.35
13-December-2016,263.00,265.50,262.50,264.75,264.372539270351746196,478669,4542,126546939.00,127091,26.55,3.00,1.75
12-December-2016,268.70,268.70,263.95,264.65,265.732698580981895286,490480,5554,130336574.00,119704,24.41,4.75,-4.05
9-December-2016,263.75,269.50,263.00,268.35,265.583348052740501731,2117386,10217,562342463.00,1209491,57.12,6.50,4.60
8-December-2016,260.80,263.05,258.70,262.20,261.173990001396081664,601684,5227,157144211.00,142079,23.61,4.35,1.40
7-December-2016,262.50,264.35,251.25,258.45,260.025572927360907251,1115281,8908,290001581.00,321712,28.85,13.10,-4.05
6-December-2016,261.10,262.75,259.80,261.20,261.253536721268258780,1251795,5417,327035871.00,491226,39.24,2.95,0.10
5-December-2016,259.95,261.25,257.75,260.75,259.734704246703324925,720347,4910,187099115.00,157908,21.92,3.50,0.80
2-December-2016,258.00,264.50,256.10,259.65,260.175032131191008422,1086172,8226,282594835.00,215954,19.88,8.40,1.65
1-December-2016,266.90,267.95,258.10,259.35,261.107890298085350012,1377223,8205,359603792.00,681074,49.45,9.85,-7.55
30-November-2016,257.00,266.20,256.10,265.00,262.185219771234798474,1161890,9754,304630385.00,390786,33.63,10.10,8.00
29-November-2016,256.00,259.15,254.35,255.75,256.613048285014097467,2103924,9759,539894351.00,809826,38.49,4.80,-0.25
28-November-2016,257.00,257.00,253.75,255.35,254.754433789667770628,2517598,7506,641369253.00,1739426,69.09,3.25,-1.65
25-November-2016,261.90,262.10,257.25,259.85,258.817678274722553364,2862983,13215,740990613.00,1065828,37.23,4.85,-2.05
24-November-2016,264.00,264.00,258.00,259.65,260.346004923373792094,866479,7944,225584346.00,171908,19.84,6.00,-4.35
23-November-2016,265.35,265.80,260.65,265.00,263.543004891329786404,1025488,6395,270260189.00,251600,24.53,5.15,-0.35
22-November-2016,263.00,266.60,259.60,263.35,262.860952924762210654,1176882,13175,309356324.00,271591,23.08,7.00,0.35
21-November-2016,266.00,267.40,255.00,261.55,260.326214500290115837,1963009,13599,511022702.00,729406,37.16,12.40,-4.45
18-November-2016,269.40,269.40,262.50,264.55,266.509869319964233701,1533287,7315,408636118.00,974960,63.59,6.90,-4.85
17-November-2016,267.00,270.55,264.15,267.70,268.275133125912994058,1175391,9477,315328177.00,369652,31.45,6.40,0.70
16-November-2016,275.55,278.00,264.25,266.25,273.054384348845717834,3774597,13401,1030670260.00,2306102,61.10,13.75,-9.30
15-November-2016,278.30,280.65,266.30,269.30,273.569714623579047230,1496795,12164,409477781.00,521245,34.82,14.35,-9.00
11-November-2016,289.00,294.25,275.10,277.00,283.702265833897457860,3981095,15034,1129445672.00,2626281,65.97,19.15,-12.00
10-November-2016,289.50,298.20,286.70,292.55,292.330688688125297182,2061020,16808,602499396.00,495063,24.02,11.50,3.05
9-November-2016,257.00,284.70,254.90,281.55,272.432554251807705071,3630985,37479,989198518.00,626182,17.25,29.80,24.55
8-November-2016,281.60,287.40,278.35,283.20,282.469982653771448324,3225485,14424,911102692.00,1667407,51.69,9.05,1.60
7-November-2016,276.00,280.95,272.55,278.75,275.346275812389255024,2312746,15412,636805998.00,1127283,48.74,8.40,2.75
4-November-2016,271.10,272.60,265.60,269.70,269.471466744552367171,897041,6571,241726954.00,159848,17.82,7.00,-1.40
3-November-2016,272.10,276.30,268.60,269.80,271.761133092835089043,2554142,7342,694116524.00,1199875,46.98,7.70,-2.30
2-November-2016,270.05,273.00,268.85,271.85,270.673340173779916774,1227990,8200,332384155.00,534418,43.52,4.15,1.80
1-November-2016,279.95,279.95,274.65,275.35,277.641540031484103691,1643369,5703,456267500.00,1121021,68.21,5.30,-4.60
30-October-2016,278.95,279.30,275.65,277.00,277.842936215800461487,145616,1876,40458377.00,51556,35.41,3.65,-1.95
28-October-2016,282.60,282.60,276.00,277.10,279.223867316647250801,2162321,8910,603771632.00,1260790,58.31,6.60,-5.50
27-October-2016,277.75,284.75,275.10,283.95,279.963155347925826801,1004352,7817,281181555.00,187821,18.70,9.65,6.20
26-October-2016,286.60,286.60,276.95,278.55,279.746446383843970873,2863773,11971,801130320.00,1796097,62.72,9.65,-8.05
25-October-2016,286.35,291.50,284.70,289.10,287.866051695590115840,1251983,11753,360403403.00,267747,21.39,6.80,2.75
24-October-2016,279.50,286.45,278.00,284.55,283.263566903778430986,3277498,12537,928395774.00,2129544,64.97,8.45,5.05
21-October-2016,276.90,280.00,273.95,277.70,276.709081853753566760,1861283,11557,515033910.00,210342,11.30,6.05,0.80
20-October-2016,266.00,278.60,266.00,277.50,275.345295735120752482,1956937,16610,538833397.00,469907,24.01,12.60,11.50
19-October-2016,271.30,271.50,263.35,265.00,265.965917002228527247,1143356,9880,304093727.00,372930,32.62,8.15,-6.30
18-October-2016,259.90,271.30,259.80,270.40,265.192287594472082145,3530805,20391,936342255.00,1913154,54.18,11.50,10.50
17-October-2016,244.00,259.55,244.00,258.55,256.269751681694408906,4291951,26448,1099897217.00,1529807,35.64,15.55,14.55
14-October-2016,241.20,242.80,240.10,241.85,241.741089730449933381,624448,5757,150954740.00,173060,27.71,2.70,0.65
13-October-2016,249.00,249.00,239.15,241.20,241.465882231979034956,1633958,11466,394545110.00,714743,43.74,9.85,-7.80
10-October-2016,251.10,253.10,249.25,250.10,251.043894289813960989,483662,4140,121420392.00,112022,23.16,3.85,-1.00
7-October-2016,251.50,253.90,248.40,250.60,250.734009630958916831,1464444,6116,367185916.00,957857,65.41,5.50,-0.90
6-October-2016,257.50,257.50,249.50,251.60,253.125852870050575525,791885,6689,200446566.00,233723,29.51,8.00,-5.90
5-October-2016,260.00,260.70,254.70,255.65,256.573956300901544594,1710287,7085,438815102.00,962469,56.28,6.00,-4.35
5-October-2016,260.00,260.70,254.70,255.65,256.573956300901544594,1710287,7085,438815102.00,962469,56.28,6.00,-4.35
4-October-2016,257.00,259.85,255.00,258.20,257.541232458816351433,983400,8293,253266048.00,217400,22.11,4.85,1.20
3-October-2016,254.65,256.80,250.10,256.05,253.489142512020052718,1476907,12259,374379889.00,490208,33.19,6.70,1.40
30-September-2016,249.45,253.35,247.00,252.30,251.541973651551443202,1462477,10883,367874351.00,464410,31.76,6.35,2.85
29-September-2016,263.40,263.65,243.80,251.00,251.320364314215241363,4073297,25710,1023702486.00,1508985,37.05,19.85,-12.40
28-September-2016,261.00,262.30,259.15,260.80,261.259925650040271445,1724547,7714,450555021.00,840299,48.73,3.15,-0.20
27-September-2016,262.50,266.50,259.50,260.80,261.394651245628968628,1793913,11757,468919263.00,879571,49.03,7.00,-1.70
26-September-2016,270.40,270.40,262.50,263.20,264.317482044537436334,2966089,17501,783989176.00,1655847,55.83,7.90,-7.20
23-September-2016,275.55,276.35,270.10,271.80,273.004698378785191633,2407639,13858,657296759.00,1290156,53.59,6.25,-3.75
22-September-2016,276.00,277.50,272.40,275.55,275.611405547146481335,1407210,9312,387843126.00,623959,44.34,5.10,-0.45
21-September-2016,272.55,272.90,266.95,269.65,270.061861450701430297,750823,6433,202768657.00,209334,27.88,5.95,-2.90
20-September-2016,272.90,274.10,269.25,272.00,271.618670769048710856,608427,4925,165260133.00,222690,36.60,4.85,-0.90
19-September-2016,269.00,272.60,268.10,271.85,271.443018071540002536,812161,6175,220455433.00,326556,40.21,4.50,2.85
16-September-2016,273.00,275.60,266.40,267.55,270.282472460571619072,1811766,9935,489688594.00,892411,49.26,9.20,-5.45
15-September-2016,272.00,273.85,268.45,270.65,270.094985105485414318,694551,5649,187594742.00,212301,30.57,5.40,-1.35
14-September-2016,268.00,273.70,266.50,271.60,271.504351949248151034,917405,7884,249079450.00,215161,23.45,7.20,3.60
12-September-2016,267.00,270.10,263.00,268.75,267.928230028070707837,2899820,21319,776943640.00,1354583,46.71,7.10,1.75
9-September-2016,277.00,277.00,270.05,274.15,273.481899375076850126,1472021,9801,402571099.00,379336,25.77,6.95,-2.85
8-September-2016,278.95,280.60,275.60,276.35,278.458722367734541613,1335893,16236,371991058.00,557806,41.76,5.00,-2.60
7-September-2016,273.10,283.60,272.20,278.15,277.466840956208033180,3198509,24204,887480188.00,1202477,37.59,11.40,5.05
6-September-2016,262.00,273.20,262.00,272.45,264.206259681701760521,4028863,16516,1064450824.00,3108279,77.15,11.20,10.45
2-September-2016,262.00,264.30,260.25,261.35,261.906766753875324599,616529,5493,161473117.00,206528,33.50,4.05,-0.65
1-September-2016,257.95,263.90,257.95,260.90,261.873698708036009677,946079,9999,247753207.00,252568,26.70,5.95,2.95
31-August-2016,257.00,260.60,256.80,257.70,258.535777966137728508,1081853,9105,279697707.00,267748,24.75,3.80,0.70
30-August-2016,251.40,257.50,251.40,256.15,255.055374996164787047,912596,11363,232762515.00,373118,40.89,6.10,4.75
29-August-2016,245.95,252.50,244.80,250.40,248.152161506994596232,792040,8126,196546438.00,213499,26.96,7.70,4.45
26-August-2016,248.95,249.00,243.40,245.25,245.838632628099766916,779978,7668,191748725.00,252778,32.41,5.60,-3.70
25-August-2016,248.90,250.15,246.10,247.15,248.461149976680658271,450270,4772,111874602.00,128134,28.46,4.05,-1.75
24-August-2016,250.15,251.65,248.15,248.90,250.075613812737161408,525486,4895,131411234.00,116901,22.25,3.50,-1.25
23-August-2016,251.30,252.10,248.90,250.15,250.119273276157031600,710201,5387,177634958.00,242684,34.17,3.20,-1.15
22-August-2016,254.70,255.80,248.95,252.15,252.039480384745553633,632314,5646,159368092.00,136091,21.52,6.85,-2.55
19-August-2016,253.10,255.60,251.70,254.00,254.008793590294804606,1032684,9718,262310817.00,376285,36.44,3.90,0.90
18-August-2016,248.10,253.85,247.75,252.85,252.170057038285607777,1239343,8530,312525195.00,482914,38.97,6.10,4.75
17-August-2016,248.70,251.35,245.10,247.30,248.283349154901345274,1057628,10906,262591422.00,247875,23.44,6.25,-1.40
16-August-2016,249.15,249.45,243.90,248.70,247.170504556331986751,753018,7301,186123839.00,257371,34.18,5.55,-0.45
12-August-2016,244.15,247.60,241.30,245.95,245.381282748524036756,795074,7428,195096278.00,256682,32.28,6.30,1.80
11-August-2016,240.00,243.50,237.35,242.35,240.978555337245841626,625004,6985,150612561.00,135611,21.70,6.15,2.35
10-August-2016,246.65,246.65,238.55,239.30,241.092485248067480960,787185,7407,189784388.00,282592,35.90,8.10,-7.35
9-August-2016,245.40,248.45,244.50,245.35,246.242717260033416579,621847,6162,153125295.00,149584,24.05,3.95,-0.05
8-August-2016,246.90,247.60,244.70,245.25,245.915624718422210326,566007,6014,139189965.00,198628,35.09,2.90,-1.65
5-August-2016,243.25,248.80,243.25,246.10,246.287164958130508012,3781990,10648,931455595.00,2841372,75.13,5.55,2.85
4-August-2016,244.05,245.00,236.95,240.65,239.249003808339381108,1847787,12751,442081199.00,888774,48.10,8.05,-3.40
3-August-2016,245.40,247.20,240.50,242.00,244.929856773517806651,1751003,9892,428872914.00,963086,55.00,6.70,-3.40
2-August-2016,250.00,250.90,245.00,245.35,246.811674683406061699,1263606,15976,311872713.00,384891,30.46,5.90,-4.65
1-August-2016,257.00,261.45,248.50,249.20,252.403420994497844860,3893020,27024,982611566.00,2322806,59.67,12.95,-7.80
29-July-2016,271.00,271.20,262.00,262.85,264.816075360883635987,1458157,13532,386143414.00,359539,24.66,9.20,-8.15
28-July-2016,273.40,274.00,270.40,272.10,272.384837701771072038,1032482,9203,281232442.00,347164,33.62,3.60,-1.30
27-July-2016,262.30,273.60,262.30,269.90,269.773078650761728326,1362428,14685,367546396.00,287757,21.12,11.30,7.60
26-July-2016,269.00,269.60,260.40,262.05,265.031335493660754484,899555,6784,238410263.00,359285,39.94,9.20,-6.95
25-July-2016,263.00,270.80,260.75,269.15,264.294391532932123655,5510668,7781,1456438646.00,4728440,85.81,10.05,6.15
22-July-2016,262.00,264.50,258.80,263.55,261.827398162196204162,489062,4856,128049831.00,104665,21.40,5.70,1.55
21-July-2016,267.00,269.05,261.40,261.90,263.871184588254103856,838114,7953,221154134.00,250313,29.87,7.65,-5.10
20-July-2016,267.50,268.35,265.55,267.60,267.267451135262374346,384889,5276,102868302.00,56527,14.69,2.80,0.10
19-July-2016,265.00,270.25,263.25,269.15,267.954510252682326094,894839,8373,239776146.00,223944,25.03,7.00,4.15
18-July-2016,266.00,271.25,262.90,263.60,267.455268117088898785,1086764,10604,290660757.00,304777,28.04,8.35,-2.40
15-July-2016,270.00,270.00,263.60,265.20,266.185469854020955037,838271,8734,223135560.00,189454,22.60,6.40,-4.80
14-July-2016,261.80,269.00,259.75,268.25,264.919970685232685965,1064310,10416,281956974.00,348200,32.72,9.25,6.45
13-July-2016,262.80,267.90,259.30,261.15,264.820875118097688131,4392550,16994,1163238935.00,2667927,60.74,8.60,-1.65
12-July-2016,252.00,262.00,250.80,261.55,256.828443020175489486,2395927,16276,615342201.00,1096927,45.78,11.20,9.55
11-July-2016,246.00,250.65,246.00,249.85,249.646752928600062358,808236,8183,201773493.00,309075,38.24,4.65,3.85
8-July-2016,243.60,244.15,239.65,241.55,241.112348376864292034,784346,7060,189115506.00,210348,26.82,4.50,-2.05
7-July-2016,245.30,247.20,243.85,244.45,245.644383724132087860,472110,4325,115971170.00,70400,14.91,3.35,-0.85
5-July-2016,250.40,251.00,244.40,245.30,247.810469751684912418,948714,8798,235101262.00,298242,31.44,6.60,-5.10
4-July-2016,242.00,248.50,241.00,247.55,245.945912269211877221,830632,8540,204290545.00,284987,34.31,7.50,5.55
1-July-2016,242.80,242.80,239.60,240.40,241.254243182177426103,537745,5011,129733263.00,171369,31.87,3.20,-2.40
30-June-2016,239.25,242.40,239.00,240.20,240.912324672198335623,656342,8062,158120877.00,163810,24.96,3.40,0.95
29-June-2016,235.40,238.20,234.40,236.50,236.117401200332436879,662983,6090,156541823.00,175779,26.51,3.80,1.10
28-June-2016,231.40,234.15,230.00,233.10,232.113129003820972029,722591,8680,167722858.00,192318,26.62,4.15,1.70
27-June-2016,231.25,234.60,229.95,232.85,232.880566128085861185,889622,10724,207175675.00,156270,17.57,4.65,1.60
24-June-2016,229.90,232.80,221.35,231.05,226.749960846637593324,2854161,23935,647180895.00,759705,26.62,11.45,1.15
23-June-2016,239.80,241.45,236.10,240.85,238.662646554947293232,895995,7684,213840538.00,280058,31.26,5.35,1.05
22-June-2016,239.45,242.25,236.05,238.70,239.297381306128832399,664988,6480,159129887.00,125737,18.91,6.20,-0.75
21-June-2016,240.05,240.95,236.35,238.20,238.954805180747944136,702138,6905,167779249.00,103390,14.73,4.60,-1.85
20-June-2016,234.50,239.50,233.90,238.25,237.539634048217681189,776769,8057,184513424.00,151413,19.49,5.60,3.75
17-June-2016,241.90,242.25,235.10,238.35,238.835432631665087999,1063133,11331,253913830.00,277148,26.07,7.15,-3.55
16-June-2016,243.50,243.85,238.50,239.60,240.483866279500876461,1348604,11575,324317504.00,400679,29.71,5.35,-3.90
15-June-2016,246.70,249.55,241.55,248.35,246.021943346180910299,1226431,10367,301728938.00,309452,25.23,8.00,1.65
14-June-2016,247.45,247.45,244.60,245.35,245.823492491558474211,536929,5773,131989762.00,73940,13.77,2.85,-2.10
13-June-2016,248.00,248.30,242.75,244.10,244.133675718182965544,927027,10575,226318509.00,262125,28.28,5.55,-3.90
10-June-2016,254.00,257.60,251.60,252.65,253.948630894239129268,931630,10010,236586163.00,137203,14.73,6.00,-1.35
9-June-2016,257.40,259.00,253.25,254.55,256.186735759785347070,927637,11972,237648295.00,183210,19.75,5.75,-2.85
8-June-2016,254.60,261.00,252.75,257.60,257.642328796309448084,1295416,15059,333753995.00,347282,26.81,8.25,3.00
7-June-2016,244.20,254.50,244.20,253.85,250.602458102388803279,1587322,21421,397786795.00,405454,25.54,10.30,9.65
6-June-2016,244.00,245.85,242.15,243.35,243.691120719123666802,582153,6037,141865517.00,198769,34.14,3.70,-0.65
3-June-2016,243.00,246.20,242.00,243.65,244.366534995940740377,897947,9540,219428197.00,264233,29.43,4.20,0.65
2-June-2016,239.10,242.25,237.55,241.25,240.558625525104420335,666058,6626,160225997.00,146434,21.99,4.70,2.15
1-June-2016,244.70,245.55,239.10,240.10,241.885138011272794084,876269,6978,211956448.00,269186,30.72,6.45,-4.60
31-May-2016,247.05,248.90,241.60,245.20,245.059118793262702352,1358705,12038,332963050.00,202213,14.88,7.30,-1.85
30-May-2016,244.00,246.65,239.00,244.70,243.792254203178491253,1471327,14620,358698126.00,417383,28.37,7.65,0.70
27-May-2016,239.75,247.95,238.55,243.00,244.256075772614861795,1486025,18424,362970635.00,329306,22.16,9.40,3.25
26-May-2016,235.10,242.45,233.00,240.70,238.325979656384289673,1205882,14469,287393009.00,238876,19.81,9.45,5.60
25-May-2016,227.00,234.90,226.80,234.45,232.179566285656491608,1315013,15977,305319148.00,368038,27.99,8.10,7.45
24-May-2016,221.05,224.90,221.05,224.40,223.560392868546928728,623211,6565,139325296.00,162693,26.11,3.85,3.35
23-May-2016,222.00,223.85,220.30,220.95,221.723529124025981459,960839,6444,213040614.00,344581,35.86,3.55,-1.05
20-May-2016,225.55,226.30,219.50,220.05,222.105170707755078234,1474479,15606,327489410.00,529956,35.94,6.80,-5.50
19-May-2016,226.50,228.35,224.45,225.55,226.488653883214492195,996288,9725,225647928.00,243482,24.44,3.90,-0.95
18-May-2016,223.75,227.15,221.85,226.25,225.067206150413358888,937563,8318,211014685.00,120099,12.81,5.30,2.50
17-May-2016,225.05,227.70,222.55,226.25,225.829211092103111753,1639076,11431,370151240.00,629217,38.39,5.15,1.20
16-May-2016,227.05,227.35,218.00,224.00,220.856316765409261718,2233754,15810,493338681.00,899330,40.26,9.35,-3.05
13-May-2016,231.00,231.00,223.55,226.55,226.463898033218005987,2144620,14191,485679005.00,1032644,48.15,7.45,-4.45
12-May-2016,228.10,233.25,228.10,231.85,230.286589087524001713,1594157,13373,367112978.00,532121,33.38,5.15,3.75
11-May-2016,220.00,226.25,218.65,224.10,223.532022739710067876,1218837,12055,272449100.00,215448,17.68,7.60,4.10
10-May-2016,225.80,227.45,222.65,225.50,225.324561471322659698,1034824,11249,233171264.00,185415,17.92,4.80,-0.30
9-May-2016,220.00,226.00,219.25,225.30,223.210585114702399382,1253156,15299,279717684.00,228837,18.26,6.75,5.30
6-May-2016,213.85,220.00,213.20,218.15,216.803501818498384631,1654112,14094,358617274.00,528642,31.96,6.80,4.30
5-May-2016,215.00,219.70,213.90,214.85,216.411165705484823519,1412844,11458,305755217.00,367907,26.04,5.80,-0.15
4-May-2016,219.00,220.80,213.25,214.75,217.343961527246742259,3652455,21347,793839039.00,1907295,52.22,7.55,-4.25
3-May-2016,226.15,230.00,220.30,221.35,225.873465968384146323,1656827,14956,374233257.00,419893,25.34,9.70,-4.80
2-May-2016,228.00,230.65,225.40,226.95,227.388301994823316913,1694135,17769,385226481.00,399047,23.55,5.25,-1.05
29-April-2016,240.10,244.00,231.40,236.60,237.477882007542975989,5765894,51916,1369272295.00,663047,11.50,12.60,-3.50
28-April-2016,245.50,248.15,239.05,240.15,241.710149233964958202,1797111,11988,434379968.00,282510,15.72,9.10,-5.35
27-April-2016,251.00,251.00,243.20,244.80,247.506848852554795958,1362418,12830,337207786.00,421226,30.92,7.80,-6.20
26-April-2016,252.00,254.70,246.50,254.10,251.239327118575602662,1114015,11504,279884379.00,175567,15.76,8.20,2.10
25-April-2016,253.85,255.30,251.15,253.10,252.874006907567208762,771328,7242,195048802.00,152230,19.74,4.15,-0.75
22-April-2016,257.00,257.15,250.25,251.95,252.312124503657497757,887492,8324,223924992.00,201230,22.67,6.90,-5.05
21-April-2016,246.00,257.65,245.30,253.05,252.972438592232459055,2203915,24280,557529752.00,601632,27.30,12.35,7.05
20-April-2016,238.95,239.80,234.05,238.15,236.964953135344196796,860990,9406,204024455.00,143161,16.63,5.75,-0.80
18-April-2016,243.10,243.55,234.70,236.75,236.974683379201502562,690021,8915,163517508.00,114311,16.57,8.85,-6.35
13-April-2016,232.30,244.10,232.30,241.00,240.227763240563660340,1738068,19621,417532188.00,511534,29.43,11.80,8.70
12-April-2016,225.00,230.70,224.10,228.65,228.326873873840125567,800841,10246,182853522.00,169792,21.20,6.60,3.65
11-April-2016,222.80,225.50,219.25,224.80,222.405091301778595267,961208,10765,213777553.00,230858,24.02,6.25,2.00
8-April-2016,220.25,223.75,219.50,221.40,221.860584974360409114,500398,7621,111018593.00,116624,23.31,4.25,1.15
7-April-2016,223.00,224.20,219.15,220.15,221.547199447567907405,970255,12811,214957278.00,309653,31.91,5.05,-2.85
6-April-2016,227.00,227.90,220.00,222.80,223.214153156363204465,942984,13451,210487375.00,148687,15.77,7.90,-4.20
5-April-2016,236.95,237.40,224.50,225.50,230.357961927252403143,2161336,23005,497880956.00,738164,34.15,12.90,-11.45
4-April-2016,240.40,241.00,234.75,238.50,238.031041141727146465,689762,8286,164184767.00,154514,22.40,6.25,-1.90
1-April-2016,235.85,239.80,232.50,238.60,235.967012929281068227,1192255,16420,281332851.00,207888,17.44,7.30,2.75
31-March-2016,238.00,241.00,233.65,236.55,237.529130265122342792,1458157,15374,346354764.00,364567,25.00,7.35,-1.45
30-March-2016,227.85,238.90,227.00,237.45,233.056962799685384966,1029830,10644,240009052.00,322184,31.29,11.90,9.60
29-March-2016,224.20,227.00,222.20,223.35,224.769117240985307980,840184,6513,188847416.00,275093,32.74,4.80,-0.85
28-March-2016,234.90,234.90,223.80,225.25,227.600495274843205420,902933,7082,205507998.00,236051,26.14,11.10,-9.65
23-March-2016,232.00,235.00,230.90,234.30,232.975043803951196772,622090,5887,144931445.00,130402,20.96,4.10,2.30
22-March-2016,235.40,235.40,230.70,233.70,233.045196090966330299,829054,7556,193207052.00,124576,15.03,4.70,-1.70
21-March-2016,233.00,235.40,231.50,234.80,234.175390411455143024,1821924,10689,426649764.00,1002952,55.05,3.90,1.80
18-March-2016,228.50,231.10,226.25,230.35,229.050419882476758463,1824320,13718,417861262.00,463507,25.41,4.85,1.85
17-March-2016,230.00,235.40,225.05,227.55,231.407014472231961569,1774018,17144,410520209.00,352524,19.87,10.35,-2.45
16-March-2016,220.20,227.30,218.50,226.45,222.792385054324256365,1141387,9257,254292332.00,231354,20.27,8.80,6.25
15-March-2016,223.10,224.80,220.60,221.35,222.289068765125670414,839219,7965,186549210.00,201343,23.99,4.20,-1.75
14-March-2016,218.10,222.55,217.30,221.70,218.198738666597567774,5981765,11261,1305213578.00,5015333,83.84,5.25,3.60
11-March-2016,214.90,218.50,212.60,213.80,215.227784250437071706,747589,7519,160901924.00,132235,17.69,5.90,-1.10
10-March-2016,217.60,218.65,214.55,215.45,216.349864235998523347,1113329,10492,240868578.00,382762,34.38,4.10,-2.15
9-March-2016,213.00,217.80,210.10,216.30,214.317315455569288049,1166738,12195,250052156.00,301620,25.85,7.70,3.30
8-March-2016,220.85,220.85,214.35,216.85,217.076226985975496119,1185853,11165,257420495.00,271301,22.88,6.50,-4.00
4-March-2016,221.40,224.30,218.90,220.50,221.628660616519288359,1316001,12992,291663539.00,298293,22.67,5.40,-0.90
3-March-2016,218.50,220.15,214.15,217.90,217.589887501791545119,2309459,14560,502514924.00,892240,38.63,6.00,-0.60
2-March-2016,211.00,221.25,210.40,220.20,217.241557598001497850,3119136,27297,677605963.00,879467,28.20,10.85,9.20
1-March-2016,195.10,206.70,193.80,205.10,201.813581504674006481,2224216,21657,448876997.00,651400,29.29,12.90,10.00
29-February-2016,185.00,195.70,181.70,190.00,189.261069869488292702,3013676,27603,570371544.00,553494,18.37,14.00,5.00
26-February-2016,184.65,185.95,180.80,184.85,183.328647034683798661,1554674,12140,285016281.00,406322,26.14,5.15,0.20
25-February-2016,188.00,188.95,181.60,183.35,184.706369016346933303,3211061,14712,593103418.00,1558534,48.54,7.35,-4.65
24-February-2016,189.20,191.10,185.90,187.05,188.347643401686896549,2713148,14685,511015032.00,1276434,47.05,5.20,-2.15
23-February-2016,199.70,199.80,190.40,192.10,192.935826068740497281,2090849,11773,403399679.00,997570,47.71,9.40,-7.60
22-February-2016,198.00,201.20,196.50,198.45,198.526641583249158581,2277999,9873,452243491.00,1445375,63.45,4.70,0.45
19-February-2016,195.90,201.45,195.30,198.55,199.419905449839190059,1446428,11764,288446535.00,309799,21.42,6.15,2.65
18-February-2016,194.40,199.00,193.20,196.10,196.226685104459936043,3137758,15973,615711851.00,1346301,42.91,5.80,1.70
17-February-2016,196.00,197.10,188.80,190.70,192.050510500783576744,3741816,23118,718617673.00,1761422,47.07,8.30,-5.30
16-February-2016,206.60,208.00,195.30,196.80,200.226099001596682821,4406636,16516,882323536.00,2703985,61.36,12.70,-9.80
15-February-2016,194.70,207.15,194.00,203.40,202.135131725977061924,2917420,17557,589713076.00,1369245,46.93,13.15,8.70
12-February-2016,198.40,198.40,190.60,194.20,193.736451645444669823,4797852,25943,929518822.00,2124384,44.28,7.80,-4.20
11-February-2016,204.00,206.90,197.95,199.35,201.476654317737281563,4318593,25310,870095669.00,2374652,54.99,8.95,-4.65
10-February-2016,203.70,209.40,202.10,207.15,204.302052508564573471,4483002,16746,915886510.00,2914827,65.02,7.30,3.45
9-February-2016,204.35,211.35,201.10,209.30,207.557316147745094181,1779010,13536,369246541.00,555730,31.24,10.25,4.95
8-February-2016,211.00,215.40,206.20,208.55,211.235962331015181222,2786271,15182,588560636.00,1574849,56.52,9.20,-2.45
5-February-2016,205.00,210.80,203.85,209.20,207.390532105138846711,1481850,12268,307321660.00,439315,29.65,6.95,4.20
4-February-2016,207.00,207.60,200.75,204.05,203.948516604789063946,1409503,13730,287466046.00,267781,19.00,6.85,-2.95
3-February-2016,207.50,208.50,202.85,204.10,205.798680508698620137,1267155,13493,260778827.00,268937,21.22,5.65,-3.40
2-February-2016,218.00,219.55,210.00,210.60,214.608295945244437622,1876266,19764,402662249.00,451851,24.08,9.55,-7.40
1-February-2016,227.65,229.00,215.90,217.15,221.259662829382192264,1418451,18558,313845990.00,563659,39.74,13.10,-10.50
29-January-2016,216.00,233.90,216.00,230.10,225.569480367111614286,3017284,22265,680607184.00,979888,32.48,17.90,14.10
28-January-2016,238.00,239.35,231.15,232.95,233.839864041785758852,841435,6584,196761046.00,352198,41.86,8.20,-5.05
27-January-2016,238.00,239.10,234.70,236.95,236.677403447710884770,628649,8786,148787013.00,122117,19.43,4.40,-1.05
25-January-2016,235.00,238.45,234.30,236.15,236.441382195938363049,819768,12075,193827079.00,256268,31.26,4.15,1.15
22-January-2016,233.00,234.90,230.00,232.75,232.619122190429956219,893998,9153,207961030.00,232015,25.95,4.90,-0.25
21-January-2016,226.00,233.55,224.20,226.20,228.382091990016251984,1109403,11440,253367778.00,215244,19.40,9.35,0.20
20-January-2016,225.80,226.00,220.20,224.15,222.793392470489627715,615631,7967,137158519.00,179565,29.17,5.80,-1.65
19-January-2016,225.00,230.75,224.75,228.80,229.039250948480682878,715091,8324,163783907.00,266600,37.28,6.00,3.80
18-January-2016,224.55,228.65,217.80,222.70,223.475587003703009901,1056978,10362,236208779.00,233772,22.12,10.85,-1.85
15-January-2016,236.00,236.85,222.00,224.55,229.406616547177027007,1032865,11531,236946065.00,306740,29.70,14.85,-11.45
14-January-2016,234.90,239.80,231.95,235.30,235.581871085306998064,1114551,14719,262568010.00,217547,19.52,7.85,0.40
13-January-2016,238.30,242.75,231.10,238.80,237.101683705516878172,1143074,9087,271024770.00,213867,18.71,11.65,0.50
12-January-2016,240.10,241.95,235.70,236.85,237.542581250596647247,1665557,8578,395640709.00,921139,55.31,6.25,-3.25
11-January-2016,242.75,243.85,238.10,239.50,240.893586290316347588,1035064,9097,249340279.00,268657,25.96,5.75,-3.25
8-January-2016,245.75,247.75,244.00,244.95,246.058584203332281897,779886,7412,191897645.00,246438,31.60,3.75,-0.80
7-January-2016,246.00,247.80,242.00,247.00,245.383458389659310114,1053392,8591,258484972.00,238557,22.65,5.80,1.00
6-January-2016,256.40,256.60,249.65,250.10,251.857323623531526502,2114015,14352,532430160.00,940896,44.51,6.95,-6.30
5-January-2016,258.00,258.00,251.65,256.75,255.230463026295935163,1305563,9519,333219449.00,454827,34.84,6.35,-1.25
4-January-2016,262.90,262.90,254.75,255.55,256.772590904183576803,1315286,8281,337729394.00,351782,26.75,8.15,-7.35
1-January-2016,261.00,263.50,258.10,263.00,261.326310021617881447,1000098,9124,261351920.00,395117,39.51,5.40,2.00
